{"cameraMode":{"drawMode":0,"name":"Shaded","section":"Shading Mode"},"sceneLighting":true,"audioPlay":false,"sceneViewState":{"m_AlwaysRefresh":false,"showFog":true,"showSkybox":true,"showFlares":true,"showImageEffects":true,"showParticleSystems":true,"showVisualEffectGraphs":true,"m_FxEnabled":true},"in2DMode":false,"pivot":{"x":2.5144834518432619,"y":-2.2915048599243166,"z":-6.011552810668945},"rotation":{"x":-0.25496146082878115,"y":-0.18542595207691194,"z":0.04987993463873863,"w":-0.9476962685585022},"size":6.026110649108887,"orthographic":false}